wilayah;tahun;periode;id_periode;nilai;nasional;target RKP;target_makro_rpjmn ;target_rkpd;target_kewilayahan_rkp;versi;satuan;sumber;id_indikator;nama_indikator
1000;2021;00;202100;3,69;3,69;0;5,4;0;0;12/09/2022;%;Badan Pusat Statistik;1;ind1_pertm_ekonomi
1100;2021;00;202100;2,79;3,69;3,2;4,7;3,5;3,9;12/09/2022;%;Badan Pusat Statistik;1;ind1_pertm_ekonomi
1200;2021;00;202100;2,61;3,69;4,9;6,4;5,5;3,9;12/09/2022;%;Badan Pusat Statistik;1;ind1_pertm_ekonomi
1300;2021;00;202100;3,29;3,69;4,9;5,5;4,22;3,9;12/09/2022;%;Badan Pusat Statistik;1;ind1_pertm_ekonomi
1400;2021;00;202100;3,36;3,69;2,1;4,3;2,93;3,9;12/09/2022;%;Badan Pusat Statistik;1;ind1_pertm_ekonomi
1500;2021;00;202100;3,66;3,69;3,7;5,4;3,7;3,9;12/09/2022;%;Badan Pusat Statistik;1;ind1_pertm_ekonomi
1600;2021;00;202100;3,58;3,69;4,6;6,7;5,7;3,9;12/09/2022;%;Badan Pusat Statistik;1;ind1_pertm_ekonomi
1700;2021;00;202100;3,24;3,69;4,4;5,7;4,4;3,9;12/09/2022;%;Badan Pusat Statistik;1;ind1_pertm_ekonomi
1800;2021;00;202100;2,79;3,69;4,7;5,9;4,7;3,9;12/09/2022;%;Badan Pusat Statistik;1;ind1_pertm_ekonomi
1900;2021;00;202100;5,05;3,69;3;4,6;3,25;3,9;12/09/2022;%;Badan Pusat Statistik;1;ind1_pertm_ekonomi
2100;2021;00;202100;3,43;3,69;3;5,8;4;3,9;12/09/2022;%;Badan Pusat Statistik;1;ind1_pertm_ekonomi
3100;2021;00;202100;3,56;3,69;5;6,1;6,9;4,8;12/09/2022;%;Badan Pusat Statistik;1;ind1_pertm_ekonomi
3200;2021;00;202100;3,74;3,69;4,4;5,5;3,15;4,8;12/09/2022;%;Badan Pusat Statistik;1;ind1_pertm_ekonomi
3300;2021;00;202100;3,32;3,69;5,2;5,8;3,8;4,8;12/09/2022;%;Badan Pusat Statistik;1;ind1_pertm_ekonomi
3400;2021;00;202100;5,53;3,69;5;6,4;3,27;4,8;12/09/2022;%;Badan Pusat Statistik;1;ind1_pertm_ekonomi
3500;2021;00;202100;3,57;3,69;4,7;5,8;4,07;4,8;12/09/2022;%;Badan Pusat Statistik;1;ind1_pertm_ekonomi
3600;2021;00;202100;4,44;3,69;4,5;5,5;5,2;4,8;12/09/2022;%;Badan Pusat Statistik;1;ind1_pertm_ekonomi
5100;2021;00;202100;-2,47;3,69;4,8;6,5;6,8;4,8;12/09/2022;%;Badan Pusat Statistik;1;ind1_pertm_ekonomi
5200;2021;00;202100;2,3;3,69;2,2;4,9;5,5;3,5;12/09/2022;%;Badan Pusat Statistik;1;ind1_pertm_ekonomi
5300;2021;00;202100;2,51;3,69;5,2;6,5;5,13;3,5;12/09/2022;%;Badan Pusat Statistik;1;ind1_pertm_ekonomi
6100;2021;00;202100;4,78;3,69;5;5,5;5,62;3,6;12/09/2022;%;Badan Pusat Statistik;1;ind1_pertm_ekonomi
6200;2021;00;202100;3,4;3,69;5,3;6,1;5,5;3,6;12/09/2022;%;Badan Pusat Statistik;1;ind1_pertm_ekonomi
6300;2021;00;202100;3,48;3,69;3,3;4,5;1,3;3,6;12/09/2022;%;Badan Pusat Statistik;1;ind1_pertm_ekonomi
6400;2021;00;202100;2,48;3,69;2,9;6,7;1;3,6;12/09/2022;%;Badan Pusat Statistik;1;ind1_pertm_ekonomi
6500;2021;00;202100;3,98;3,69;4,7;7,1;6,55;3,6;12/09/2022;%;Badan Pusat Statistik;1;ind1_pertm_ekonomi
7100;2021;00;202100;4,16;3,69;5,6;6,6;6,6;5,4;12/09/2022;%;Badan Pusat Statistik;1;ind1_pertm_ekonomi
7200;2021;00;202100;11,7;3,69;4,2;7,7;5,75;5,4;12/09/2022;%;Badan Pusat Statistik;1;ind1_pertm_ekonomi
7300;2021;00;202100;4,65;3,69;6;7,5;6,1;5,4;12/09/2022;%;Badan Pusat Statistik;1;ind1_pertm_ekonomi
7400;2021;00;202100;4,1;3,69;4,5;6,8;6;5,4;12/09/2022;%;Badan Pusat Statistik;1;ind1_pertm_ekonomi
7500;2021;00;202100;2,41;3,69;5,6;6,8;5,97;5,4;12/09/2022;%;Badan Pusat Statistik;1;ind1_pertm_ekonomi
7600;2021;00;202100;2,56;3,69;4,4;5,4;5,7;5,4;12/09/2022;%;Badan Pusat Statistik;1;ind1_pertm_ekonomi
8100;2021;00;202100;3,04;3,69;5;7;6,32;5,2;12/09/2022;%;Badan Pusat Statistik;1;ind1_pertm_ekonomi
8200;2021;00;202100;16,4;3,69;5,4;6,8;6,7;5,2;12/09/2022;%;Badan Pusat Statistik;1;ind1_pertm_ekonomi
9100;2021;00;202100;-0,51;3,69;5,1;6,5;7;2,6;12/09/2022;%;Badan Pusat Statistik;1;ind1_pertm_ekonomi
9400;2021;00;202100;15,11;3,69;1,5;5,8;5,64;2,6;12/09/2022;%;Badan Pusat Statistik;1;ind1_pertm_ekonomi
1000;2021;02;202102;6,26;6,26;;5;;;12/09/2022;%;Badan Pusat Statistik;6;ind1_tpt
1100;2021;02;202102;6,3;6,26;9,8;6;5,6;8,8;12/09/2022;%;Badan Pusat Statistik;6;ind1_tpt
1200;2021;02;202102;6,01;6,26;9,3;5,3;5,4;8,8;12/09/2022;%;Badan Pusat Statistik;6;ind1_tpt
1300;2021;02;202102;6,67;6,26;9,2;5,3;7,77;8,8;12/09/2022;%;Badan Pusat Statistik;6;ind1_tpt
1400;2021;02;202102;4,96;6,26;9,9;5,8;5,96;8,8;12/09/2022;%;Badan Pusat Statistik;6;ind1_tpt
1500;2021;02;202102;4,76;6,26;7,4;3,5;5,8;8,8;12/09/2022;%;Badan Pusat Statistik;6;ind1_tpt
1600;2021;02;202102;5,17;6,26;8,4;3,8;3,87;8,8;12/09/2022;%;Badan Pusat Statistik;6;ind1_tpt
1700;2021;02;202102;3,72;6,26;6,5;3,3;4,9;8,8;12/09/2022;%;Badan Pusat Statistik;6;ind1_tpt
1800;2021;02;202102;4,54;6,26;7,9;3,6;6,3;8,8;12/09/2022;%;Badan Pusat Statistik;6;ind1_tpt
1900;2021;02;202102;5,04;6,26;6,6;3,1;5,5;8,8;12/09/2022;%;Badan Pusat Statistik;6;ind1_tpt
2100;2021;02;202102;10,12;6,26;10,3;6,7;6,6;8,8;12/09/2022;%;Badan Pusat Statistik;6;ind1_tpt
3100;2021;02;202102;8,51;6,26;10,4;5,7;4,9;9,5;12/09/2022;%;Badan Pusat Statistik;6;ind1_tpt
3200;2021;02;202102;8,92;6,26;11,9;7,5;11,18;9,5;12/09/2022;%;Badan Pusat Statistik;6;ind1_tpt
3300;2021;02;202102;5,96;6,26;8,4;4;5,67;9,5;12/09/2022;%;Badan Pusat Statistik;6;ind1_tpt
3400;2021;02;202102;4,28;6,26;6,9;2,8;4,8;9,5;12/09/2022;%;Badan Pusat Statistik;6;ind1_tpt
3500;2021;02;202102;5,17;6,26;7,9;3,4;4,01;9,5;12/09/2022;%;Badan Pusat Statistik;6;ind1_tpt
3600;2021;02;202102;9,01;6,26;12,1;7,8;10,1;9,5;12/09/2022;%;Badan Pusat Statistik;6;ind1_tpt
5100;2021;02;202102;5,42;6,26;5,5;1,3;1,07;9,5;12/09/2022;%;Badan Pusat Statistik;6;ind1_tpt
5200;2021;02;202102;3,97;6,26;7,4;3,3;3,21;7;12/09/2022;%;Badan Pusat Statistik;6;ind1_tpt
5300;2021;02;202102;3,38;6,26;6,7;2,7;3,01;7;12/09/2022;%;Badan Pusat Statistik;6;ind1_tpt
6100;2021;02;202102;5,73;6,26;7,7;3,7;2,39;8,1;12/09/2022;%;Badan Pusat Statistik;6;ind1_tpt
6200;2021;02;202102;4,25;6,26;7,2;3,7;4;8,1;12/09/2022;%;Badan Pusat Statistik;6;ind1_tpt
6300;2021;02;202102;4,33;6,26;7,5;4;5,06;8,1;12/09/2022;%;Badan Pusat Statistik;6;ind1_tpt
6400;2021;02;202102;6,81;6,26;9,9;6;8,34;8,1;12/09/2022;%;Badan Pusat Statistik;6;ind1_tpt
6500;2021;02;202102;4,67;6,26;7,8;4,4;4,8;8,1;12/09/2022;%;Badan Pusat Statistik;6;ind1_tpt
7100;2021;02;202102;7,28;6,26;10,1;6,5;6,6;8,1;12/09/2022;%;Badan Pusat Statistik;6;ind1_tpt
7200;2021;02;202102;3,73;6,26;6,5;3,3;3,25;8,1;12/09/2022;%;Badan Pusat Statistik;6;ind1_tpt
7300;2021;02;202102;5,79;6,26;8,9;5,1;7,2;8,1;12/09/2022;%;Badan Pusat Statistik;6;ind1_tpt
7400;2021;02;202102;4,22;6,26;6,9;3,2;3,59;8,1;12/09/2022;%;Badan Pusat Statistik;6;ind1_tpt
7500;2021;02;202102;3,41;6,26;7,1;3,4;4,92;8,1;12/09/2022;%;Badan Pusat Statistik;6;ind1_tpt
7600;2021;02;202102;3,28;6,26;6,5;2,9;4,9;8,1;12/09/2022;%;Badan Pusat Statistik;6;ind1_tpt
8100;2021;02;202102;6,73;6,26;10;6,7;6,54;9,1;12/09/2022;%;Badan Pusat Statistik;6;ind1_tpt
8200;2021;02;202102;5,06;6,26;7,9;4;4,58;9,1;12/09/2022;%;Badan Pusat Statistik;6;ind1_tpt
9100;2021;02;202102;6,18;6,26;9,3;5,8;5,87;6,8;12/09/2022;%;Badan Pusat Statistik;6;ind1_tpt
9400;2021;02;202102;3,77;6,26;6,2;2,9;3,02;6,8;12/09/2022;%;Badan Pusat Statistik;6;ind1_tpt
1000;2021;08;202108;6,49;6,49;;5;;;12/09/2022;%;Badan Pusat Statistik;6;ind1_tpt
1100;2021;08;202108;6,3;6,49;9,8;6;5,6;8,8;12/09/2022;%;Badan Pusat Statistik;6;ind1_tpt
1200;2021;08;202108;6,33;6,49;9,3;5,3;5,4;8,8;12/09/2022;%;Badan Pusat Statistik;6;ind1_tpt
1300;2021;08;202108;6,52;6,49;9,2;5,3;7,77;8,8;12/09/2022;%;Badan Pusat Statistik;6;ind1_tpt
1400;2021;08;202108;4,42;6,49;9,9;5,8;5,96;8,8;12/09/2022;%;Badan Pusat Statistik;6;ind1_tpt
1500;2021;08;202108;5,09;6,49;7,4;3,5;5,8;8,8;12/09/2022;%;Badan Pusat Statistik;6;ind1_tpt
1600;2021;08;202108;4,98;6,49;8,4;3,8;3,87;8,8;12/09/2022;%;Badan Pusat Statistik;6;ind1_tpt
1700;2021;08;202108;3,65;6,49;6,5;3,3;4,9;8,8;12/09/2022;%;Badan Pusat Statistik;6;ind1_tpt
1800;2021;08;202108;4,69;6,49;7,9;3,6;6,3;8,8;12/09/2022;%;Badan Pusat Statistik;6;ind1_tpt
1900;2021;08;202108;5,03;6,49;6,6;3,1;5,5;8,8;12/09/2022;%;Badan Pusat Statistik;6;ind1_tpt
2100;2021;08;202108;9,91;6,49;10,3;6,7;6,6;8,8;12/09/2022;%;Badan Pusat Statistik;6;ind1_tpt
3100;2021;08;202108;8,5;6,49;10,4;5,7;4,9;9,5;12/09/2022;%;Badan Pusat Statistik;6;ind1_tpt
3200;2021;08;202108;9,82;6,49;11,9;7,5;11,18;9,5;12/09/2022;%;Badan Pusat Statistik;6;ind1_tpt
3300;2021;08;202108;5,95;6,49;8,4;4;5,67;9,5;12/09/2022;%;Badan Pusat Statistik;6;ind1_tpt
3400;2021;08;202108;4,56;6,49;6,9;2,8;4,8;9,5;12/09/2022;%;Badan Pusat Statistik;6;ind1_tpt
3500;2021;08;202108;5,74;6,49;7,9;3,4;4,01;9,5;12/09/2022;%;Badan Pusat Statistik;6;ind1_tpt
3600;2021;08;202108;8,98;6,49;12,1;7,8;10,1;9,5;12/09/2022;%;Badan Pusat Statistik;6;ind1_tpt
5100;2021;08;202108;5,37;6,49;5,5;1,3;1,07;9,5;12/09/2022;%;Badan Pusat Statistik;6;ind1_tpt
5200;2021;08;202108;3,01;6,49;7,4;3,3;3,21;7;12/09/2022;%;Badan Pusat Statistik;6;ind1_tpt
5300;2021;08;202108;3,77;6,49;6,7;2,7;3,01;7;12/09/2022;%;Badan Pusat Statistik;6;ind1_tpt
6100;2021;08;202108;5,82;6,49;7,7;3,7;2,39;8,1;12/09/2022;%;Badan Pusat Statistik;6;ind1_tpt
6200;2021;08;202108;4,53;6,49;7,2;3,7;4;8,1;12/09/2022;%;Badan Pusat Statistik;6;ind1_tpt
6300;2021;08;202108;4,95;6,49;7,5;4;5,06;8,1;12/09/2022;%;Badan Pusat Statistik;6;ind1_tpt
6400;2021;08;202108;6,83;6,49;9,9;6;8,34;8,1;12/09/2022;%;Badan Pusat Statistik;6;ind1_tpt
6500;2021;08;202108;4,58;6,49;7,8;4,4;4,8;8,1;12/09/2022;%;Badan Pusat Statistik;6;ind1_tpt
7100;2021;08;202108;7,06;6,49;10,1;6,5;6,6;8,1;12/09/2022;%;Badan Pusat Statistik;6;ind1_tpt
7200;2021;08;202108;3,75;6,49;6,5;3,3;3,25;8,1;12/09/2022;%;Badan Pusat Statistik;6;ind1_tpt
7300;2021;08;202108;5,72;6,49;8,9;5,1;7,2;8,1;12/09/2022;%;Badan Pusat Statistik;6;ind1_tpt
7400;2021;08;202108;3,92;6,49;6,9;3,2;3,59;8,1;12/09/2022;%;Badan Pusat Statistik;6;ind1_tpt
7500;2021;08;202108;3,01;6,49;7,1;3,4;4,92;8,1;12/09/2022;%;Badan Pusat Statistik;6;ind1_tpt
7600;2021;08;202108;3,13;6,49;6,5;2,9;4,9;8,1;12/09/2022;%;Badan Pusat Statistik;6;ind1_tpt
8100;2021;08;202108;6,93;6,49;10;6,7;6,54;9,1;12/09/2022;%;Badan Pusat Statistik;6;ind1_tpt
8200;2021;08;202108;4,71;6,49;7,9;4;4,58;9,1;12/09/2022;%;Badan Pusat Statistik;6;ind1_tpt
9100;2021;08;202108;5,84;6,49;9,3;5,8;5,87;6,8;12/09/2022;%;Badan Pusat Statistik;6;ind1_tpt
9400;2021;08;202108;3,33;6,49;6,2;2,9;3,02;6,8;12/09/2022;%;Badan Pusat Statistik;6;ind1_tpt
1000;2021;03;202103;10,14;10,14;;8,5;;;12/09/2022;%;Badan Pusat Statistik;36;ind1_tingkatmiskin
1100;2021;03;202103;15,33;10,14;15;13;15,5;9,6;12/09/2022;%;Badan Pusat Statistik;36;ind1_tingkatmiskin
1200;2021;03;202103;9,01;10,14;8,8;7,95;8,04;9,6;12/09/2022;%;Badan Pusat Statistik;36;ind1_tingkatmiskin
1300;2021;03;202103;6,63;10,14;6,4;5,46;6,15;9,6;12/09/2022;%;Badan Pusat Statistik;36;ind1_tingkatmiskin
1400;2021;03;202103;7,12;10,14;6,8;5,85;6,62;9,6;12/09/2022;%;Badan Pusat Statistik;36;ind1_tingkatmiskin
1500;2021;03;202103;8,09;10,14;7,1;6,85;7,221;9,6;12/09/2022;%;Badan Pusat Statistik;36;ind1_tingkatmiskin
1600;2021;03;202103;12,84;10,14;11,8;10,95;10,78;9,6;12/09/2022;%;Badan Pusat Statistik;36;ind1_tingkatmiskin
1700;2021;03;202103;15,22;10,14;14,1;13;14,1;9,6;12/09/2022;%;Badan Pusat Statistik;36;ind1_tingkatmiskin
1800;2021;03;202103;12,62;10,14;12,1;11,27;12,1;9,6;12/09/2022;%;Badan Pusat Statistik;36;ind1_tingkatmiskin
1900;2021;03;202103;4,9;10,14;4;4,16;5,5;9,6;12/09/2022;%;Badan Pusat Statistik;36;ind1_tingkatmiskin
2100;2021;03;202103;6,12;10,14;5,7;4,95;5,68;9,6;12/09/2022;%;Badan Pusat Statistik;36;ind1_tingkatmiskin
3100;2021;03;202103;4,72;10,14;3,4;3,05;2,98;7,9;12/09/2022;%;Badan Pusat Statistik;36;ind1_tingkatmiskin
3200;2021;03;202103;8,4;10,14;6,6;6,07;7,77;7,9;12/09/2022;%;Badan Pusat Statistik;36;ind1_tingkatmiskin
3300;2021;03;202103;11,79;10,14;10,1;9,43;11,02;7,9;12/09/2022;%;Badan Pusat Statistik;36;ind1_tingkatmiskin
3400;2021;03;202103;12,8;10,14;11,4;8,86;13,41;7,9;12/09/2022;%;Badan Pusat Statistik;36;ind1_tingkatmiskin
3500;2021;03;202103;11,4;10,14;9,8;9,71;10,17;7,9;12/09/2022;%;Badan Pusat Statistik;36;ind1_tingkatmiskin
3600;2021;03;202103;6,66;10,14;5,2;4,5;5,2;7,9;12/09/2022;%;Badan Pusat Statistik;36;ind1_tingkatmiskin
5100;2021;03;202103;4,53;10,14;3,3;3,33;2,95;7,9;12/09/2022;%;Badan Pusat Statistik;36;ind1_tingkatmiskin
5200;2021;03;202103;14,14;10,14;14,5;13;11,75;17,8;12/09/2022;%;Badan Pusat Statistik;36;ind1_tingkatmiskin
5300;2021;03;202103;20,99;10,14;20,9;17,35;21,03;17,8;12/09/2022;%;Badan Pusat Statistik;36;ind1_tingkatmiskin
6100;2021;03;202103;7,15;10,14;7,2;6,15;3,47;5,6;12/09/2022;%;Badan Pusat Statistik;36;ind1_tingkatmiskin
6200;2021;03;202103;5,16;10,14;4,2;4,44;4,82;5,6;12/09/2022;%;Badan Pusat Statistik;36;ind1_tingkatmiskin
6300;2021;03;202103;4,83;10,14;4,5;4;5,4;5,6;12/09/2022;%;Badan Pusat Statistik;36;ind1_tingkatmiskin
6400;2021;03;202103;6,54;10,14;5,7;5,25;6,88;5,6;12/09/2022;%;Badan Pusat Statistik;36;ind1_tingkatmiskin
6500;2021;03;202103;7,36;10,14;6,3;5,44;5,79;5,6;12/09/2022;%;Badan Pusat Statistik;36;ind1_tingkatmiskin
7100;2021;03;202103;7,77;10,14;7,3;6,68;7,5;9,8;12/09/2022;%;Badan Pusat Statistik;36;ind1_tingkatmiskin
7200;2021;03;202103;13;10,14;12,7;12,79;14,6;9,8;12/09/2022;%;Badan Pusat Statistik;36;ind1_tingkatmiskin
7300;2021;03;202103;8,78;10,14;8,2;8,25;9,1;9,8;12/09/2022;%;Badan Pusat Statistik;36;ind1_tingkatmiskin
7400;2021;03;202103;11,66;10,14;11,5;10,36;11,5;9,8;12/09/2022;%;Badan Pusat Statistik;36;ind1_tingkatmiskin
7500;2021;03;202103;15,61;10,14;14,1;14,6;15,05;9,8;12/09/2022;%;Badan Pusat Statistik;36;ind1_tingkatmiskin
7600;2021;03;202103;11,29;10,14;10,7;9,36;10,7;9,8;12/09/2022;%;Badan Pusat Statistik;36;ind1_tingkatmiskin
8100;2021;03;202103;17,87;10,14;17,4;16,24;15,36;12,8;12/09/2022;%;Badan Pusat Statistik;36;ind1_tingkatmiskin
8200;2021;03;202103;6,89;10,14;6,4;5,4;6,06;12,8;12/09/2022;%;Badan Pusat Statistik;36;ind1_tingkatmiskin
9100;2021;03;202103;21,84;10,14;21,8;19,01;21,67;25,5;12/09/2022;%;Badan Pusat Statistik;36;ind1_tingkatmiskin
9400;2021;03;202103;26,86;10,14;26,6;23,55;25,29;25,5;12/09/2022;%;Badan Pusat Statistik;36;ind1_tingkatmiskin
1000;2021;09;202109;9,71;9,71;;8,5;;;12/09/2022;%;Badan Pusat Statistik;36;ind1_tingkatmiskin
1100;2021;09;202109;15,53;9,71;15;13;15,5;9,6;12/09/2022;%;Badan Pusat Statistik;36;ind1_tingkatmiskin
1200;2021;09;202109;8,49;9,71;8,8;7,95;8,04;9,6;12/09/2022;%;Badan Pusat Statistik;36;ind1_tingkatmiskin
1300;2021;09;202109;6,04;9,71;6,4;5,46;6,15;9,6;12/09/2022;%;Badan Pusat Statistik;36;ind1_tingkatmiskin
1400;2021;09;202109;7;9,71;6,8;5,85;6,62;9,6;12/09/2022;%;Badan Pusat Statistik;36;ind1_tingkatmiskin
1500;2021;09;202109;7,67;9,71;7,1;6,85;7,221;9,6;12/09/2022;%;Badan Pusat Statistik;36;ind1_tingkatmiskin
1600;2021;09;202109;12,79;9,71;11,8;10,95;10,78;9,6;12/09/2022;%;Badan Pusat Statistik;36;ind1_tingkatmiskin
1700;2021;09;202109;14,43;9,71;14,1;13;14,1;9,6;12/09/2022;%;Badan Pusat Statistik;36;ind1_tingkatmiskin
1800;2021;09;202109;11,67;9,71;12,1;11,27;12,1;9,6;12/09/2022;%;Badan Pusat Statistik;36;ind1_tingkatmiskin
1900;2021;09;202109;4,67;9,71;4;4,16;5,5;9,6;12/09/2022;%;Badan Pusat Statistik;36;ind1_tingkatmiskin
2100;2021;09;202109;5,75;9,71;5,7;4,95;5,68;9,6;12/09/2022;%;Badan Pusat Statistik;36;ind1_tingkatmiskin
3100;2021;09;202109;4,67;9,71;3,4;3,05;2,98;7,9;12/09/2022;%;Badan Pusat Statistik;36;ind1_tingkatmiskin
3200;2021;09;202109;7,97;9,71;6,6;6,07;7,77;7,9;12/09/2022;%;Badan Pusat Statistik;36;ind1_tingkatmiskin
3300;2021;09;202109;11,25;9,71;10,1;9,43;11,02;7,9;12/09/2022;%;Badan Pusat Statistik;36;ind1_tingkatmiskin
3400;2021;09;202109;11,91;9,71;11,4;8,86;13,41;7,9;12/09/2022;%;Badan Pusat Statistik;36;ind1_tingkatmiskin
3500;2021;09;202109;10,59;9,71;9,8;9,71;10,17;7,9;12/09/2022;%;Badan Pusat Statistik;36;ind1_tingkatmiskin
3600;2021;09;202109;6,5;9,71;5,2;4,5;5,2;7,9;12/09/2022;%;Badan Pusat Statistik;36;ind1_tingkatmiskin
5100;2021;09;202109;4,72;9,71;3,3;3,33;2,95;7,9;12/09/2022;%;Badan Pusat Statistik;36;ind1_tingkatmiskin
5200;2021;09;202109;13,83;9,71;14,5;13;11,75;17,8;12/09/2022;%;Badan Pusat Statistik;36;ind1_tingkatmiskin
5300;2021;09;202109;20,44;9,71;20,9;17,35;21,03;17,8;12/09/2022;%;Badan Pusat Statistik;36;ind1_tingkatmiskin
6100;2021;09;202109;6,84;9,71;7,2;6,15;3,47;5,6;12/09/2022;%;Badan Pusat Statistik;36;ind1_tingkatmiskin
6200;2021;09;202109;5,16;9,71;4,2;4,44;4,82;5,6;12/09/2022;%;Badan Pusat Statistik;36;ind1_tingkatmiskin
6300;2021;09;202109;4,56;9,71;4,5;4;5,4;5,6;12/09/2022;%;Badan Pusat Statistik;36;ind1_tingkatmiskin
6400;2021;09;202109;6,27;9,71;5,7;5,25;6,88;5,6;12/09/2022;%;Badan Pusat Statistik;36;ind1_tingkatmiskin
6500;2021;09;202109;6,83;9,71;6,3;5,44;5,79;5,6;12/09/2022;%;Badan Pusat Statistik;36;ind1_tingkatmiskin
7100;2021;09;202109;7,36;9,71;7,3;6,68;7,5;9,8;12/09/2022;%;Badan Pusat Statistik;36;ind1_tingkatmiskin
7200;2021;09;202109;12,18;9,71;12,7;12,79;14,6;9,8;12/09/2022;%;Badan Pusat Statistik;36;ind1_tingkatmiskin
7300;2021;09;202109;8,53;9,71;8,2;8,25;9,1;9,8;12/09/2022;%;Badan Pusat Statistik;36;ind1_tingkatmiskin
7400;2021;09;202109;11,74;9,71;11,5;10,36;11,5;9,8;12/09/2022;%;Badan Pusat Statistik;36;ind1_tingkatmiskin
7500;2021;09;202109;15,41;9,71;14,1;14,6;15,05;9,8;12/09/2022;%;Badan Pusat Statistik;36;ind1_tingkatmiskin
7600;2021;09;202109;11,85;9,71;10,7;9,36;10,7;9,8;12/09/2022;%;Badan Pusat Statistik;36;ind1_tingkatmiskin
8100;2021;09;202109;16,3;9,71;17,4;16,24;15,36;12,8;12/09/2022;%;Badan Pusat Statistik;36;ind1_tingkatmiskin
8200;2021;09;202109;6,38;9,71;6,4;5,4;6,06;12,8;12/09/2022;%;Badan Pusat Statistik;36;ind1_tingkatmiskin
9100;2021;09;202109;21,82;9,71;21,8;19,01;21,67;25,5;12/09/2022;%;Badan Pusat Statistik;36;ind1_tingkatmiskin
9400;2021;09;202109;27,38;9,71;26,6;23,55;25,29;25,5;12/09/2022;%;Badan Pusat Statistik;36;ind1_tingkatmiskin
1000;2021;00;202100;72,29;72,29;;;;;12/09/2022;;Badan Pusat Statistik;5;ind1_ipm
1100;2021;00;202100;72,18;72,29;;;72,15;70,1;12/09/2022;;Badan Pusat Statistik;5;ind1_ipm
1200;2021;00;202100;72;72,29;;;72,22;70,1;12/09/2022;;Badan Pusat Statistik;5;ind1_ipm
1300;2021;00;202100;72,65;72,29;;;72,99;70,1;12/09/2022;;Badan Pusat Statistik;5;ind1_ipm
1400;2021;00;202100;72,94;72,29;;;73,13;70,1;12/09/2022;;Badan Pusat Statistik;5;ind1_ipm
1500;2021;00;202100;71,63;72,29;;;72,507;70,1;12/09/2022;;Badan Pusat Statistik;5;ind1_ipm
1600;2021;00;202100;70,24;72,29;;;71,75;70,1;12/09/2022;;Badan Pusat Statistik;5;ind1_ipm
1700;2021;00;202100;71,64;72,29;;;71,25;70,1;12/09/2022;;Badan Pusat Statistik;5;ind1_ipm
1800;2021;00;202100;69,9;72,29;;;70,86;70,1;12/09/2022;;Badan Pusat Statistik;5;ind1_ipm
1900;2021;00;202100;71,69;72,29;;;71,35;70,1;12/09/2022;;Badan Pusat Statistik;5;ind1_ipm
2100;2021;00;202100;75,79;72,29;;;75,19;70,1;12/09/2022;;Badan Pusat Statistik;5;ind1_ipm
3100;2021;00;202100;81,11;72,29;;;81,2;72,7;12/09/2022;;Badan Pusat Statistik;5;ind1_ipm
3200;2021;00;202100;72,45;72,29;;;71,19;72,7;12/09/2022;;Badan Pusat Statistik;5;ind1_ipm
3300;2021;00;202100;72,16;72,29;;;72,49;72,7;12/09/2022;;Badan Pusat Statistik;5;ind1_ipm
3400;2021;00;202100;80,22;72,29;;;79,74;72,7;12/09/2022;;Badan Pusat Statistik;5;ind1_ipm
3500;2021;00;202100;72,14;72,29;;;72,13;72,7;12/09/2022;;Badan Pusat Statistik;5;ind1_ipm
3600;2021;00;202100;72,72;72,29;;;73,3;72,7;12/09/2022;;Badan Pusat Statistik;5;ind1_ipm
5100;2021;00;202100;75,69;72,29;;;75,61;72,7;12/09/2022;;Badan Pusat Statistik;5;ind1_ipm
5200;2021;00;202100;68,65;72,29;;;69,61;66,3;12/09/2022;;Badan Pusat Statistik;5;ind1_ipm
5300;2021;00;202100;65,28;72,29;;;64,9;66,3;12/09/2022;;Badan Pusat Statistik;5;ind1_ipm
6100;2021;00;202100;67,9;72,29;;;68,69;69;12/09/2022;;Badan Pusat Statistik;5;ind1_ipm
6200;2021;00;202100;71,25;72,29;;;72,5;69;12/09/2022;;Badan Pusat Statistik;5;ind1_ipm
6300;2021;00;202100;71,28;72,29;;;71;69;12/09/2022;;Badan Pusat Statistik;5;ind1_ipm
6400;2021;00;202100;76,88;72,29;;;76,8;69;12/09/2022;;Badan Pusat Statistik;5;ind1_ipm
6500;2021;00;202100;71,19;72,29;;;71,4;69;12/09/2022;;Badan Pusat Statistik;5;ind1_ipm
7100;2021;00;202100;73,3;72,29;;;72;67;12/09/2022;;Badan Pusat Statistik;5;ind1_ipm
7200;2021;00;202100;69,79;72,29;;;69;67;12/09/2022;;Badan Pusat Statistik;5;ind1_ipm
7300;2021;00;202100;72,24;72,29;;;72,22;67;12/09/2022;;Badan Pusat Statistik;5;ind1_ipm
7400;2021;00;202100;71,66;72,29;;;71,5;67;12/09/2022;;Badan Pusat Statistik;5;ind1_ipm
7500;2021;00;202100;69;72,29;;;68,45;67;12/09/2022;;Badan Pusat Statistik;5;ind1_ipm
7600;2021;00;202100;66,36;72,29;;;67,11;67;12/09/2022;;Badan Pusat Statistik;5;ind1_ipm
8100;2021;00;202100;69,71;72,29;;;68,87;69,9;12/09/2022;;Badan Pusat Statistik;5;ind1_ipm
8200;2021;00;202100;68,76;72,29;;;69,72;69,9;12/09/2022;;Badan Pusat Statistik;5;ind1_ipm
9100;2021;00;202100;65,26;72,29;;;64,54;61,1;12/09/2022;;Badan Pusat Statistik;5;ind1_ipm
9400;2021;00;202100;60,62;72,29;;;63,28;61,1;12/09/2022;;Badan Pusat Statistik;5;ind1_ipm
1000;2021;03;202103;0,384;0,384;;;;;12/09/2022;;Badan Pusat Statistik;7;ind1_ginirasio
1100;2021;03;202103;0,324;0,384;;;0,313;;12/09/2022;;Badan Pusat Statistik;7;ind1_ginirasio
1200;2021;03;202103;0,314;0,384;;;0,315;;12/09/2022;;Badan Pusat Statistik;7;ind1_ginirasio
1300;2021;03;202103;0,306;0,384;;;0,304;;12/09/2022;;Badan Pusat Statistik;7;ind1_ginirasio
1400;2021;03;202103;0,326;0,384;;;0,28;;12/09/2022;;Badan Pusat Statistik;7;ind1_ginirasio
1500;2021;03;202103;0,321;0,384;;;0,3069 ;;12/09/2022;;Badan Pusat Statistik;7;ind1_ginirasio
1600;2021;03;202103;0,341;0,384;;;0,353;;12/09/2022;;Badan Pusat Statistik;7;ind1_ginirasio
1700;2021;03;202103;0,326;0,384;;;0,34;;12/09/2022;;Badan Pusat Statistik;7;ind1_ginirasio
1800;2021;03;202103;0,323;0,384;;;0,33;;12/09/2022;;Badan Pusat Statistik;7;ind1_ginirasio
1900;2021;03;202103;0,256;0,384;;;0,258;;12/09/2022;;Badan Pusat Statistik;7;ind1_ginirasio
2100;2021;03;202103;0,343;0,384;;;0,350 ;;12/09/2022;;Badan Pusat Statistik;7;ind1_ginirasio
3100;2021;03;202103;0,409;0,384;;;0,401;;12/09/2022;;Badan Pusat Statistik;7;ind1_ginirasio
3200;2021;03;202103;0,412;0,384;;;0,402;;12/09/2022;;Badan Pusat Statistik;7;ind1_ginirasio
3300;2021;03;202103;0,372;0,384;;;0,365;;12/09/2022;;Badan Pusat Statistik;7;ind1_ginirasio
3400;2021;03;202103;0,441;0,384;;;0,3705 ;;12/09/2022;;Badan Pusat Statistik;7;ind1_ginirasio
3500;2021;03;202103;0,374;0,384;;;0,3912 ;;12/09/2022;;Badan Pusat Statistik;7;ind1_ginirasio
3600;2021;03;202103;0,365;0,384;;;0,363;;12/09/2022;;Badan Pusat Statistik;7;ind1_ginirasio
5100;2021;03;202103;0,378;0,384;;;0,3081 ;;12/09/2022;;Badan Pusat Statistik;7;ind1_ginirasio
5200;2021;03;202103;0,381;0,384;;;0,365;;12/09/2022;;Badan Pusat Statistik;7;ind1_ginirasio
5300;2021;03;202103;0,346;0,384;;;0,34;;12/09/2022;;Badan Pusat Statistik;7;ind1_ginirasio
6100;2021;03;202103;0,313;0,384;;;0,3;;12/09/2022;;Badan Pusat Statistik;7;ind1_ginirasio
6200;2021;03;202103;0,323;0,384;;;0,33;;12/09/2022;;Badan Pusat Statistik;7;ind1_ginirasio
6300;2021;03;202103;0,33;0,384;;;0,33;;12/09/2022;;Badan Pusat Statistik;7;ind1_ginirasio
6400;2021;03;202103;0,334;0,384;;;0,328;;12/09/2022;;Badan Pusat Statistik;7;ind1_ginirasio
6500;2021;03;202103;0,292;0,384;;;0,28;;12/09/2022;;Badan Pusat Statistik;7;ind1_ginirasio
7100;2021;03;202103;0,365;0,384;;;0,38;;12/09/2022;;Badan Pusat Statistik;7;ind1_ginirasio
7200;2021;03;202103;0,316;0,384;;;0,334;;12/09/2022;;Badan Pusat Statistik;7;ind1_ginirasio
7300;2021;03;202103;0,382;0,384;;;0,414;;12/09/2022;;Badan Pusat Statistik;7;ind1_ginirasio
7400;2021;03;202103;0,39;0,384;;;0,388;;12/09/2022;;Badan Pusat Statistik;7;ind1_ginirasio
7500;2021;03;202103;0,408;0,384;;;0,415;;12/09/2022;;Badan Pusat Statistik;7;ind1_ginirasio
7600;2021;03;202103;0,356;0,384;;;0,359;;12/09/2022;;Badan Pusat Statistik;7;ind1_ginirasio
8100;2021;03;202103;0,314;0,384;;;0,323;;12/09/2022;;Badan Pusat Statistik;7;ind1_ginirasio
8200;2021;03;202103;0,3;0,384;;;0,307;;12/09/2022;;Badan Pusat Statistik;7;ind1_ginirasio
9100;2021;03;202103;0,38;0,384;;;0,36;;12/09/2022;;Badan Pusat Statistik;7;ind1_ginirasio
9400;2021;03;202103;0,397;0,384;;;0,3893 ;;12/09/2022;;Badan Pusat Statistik;7;ind1_ginirasio
1000;2021;09;202109;0,381;0,381;;;;;12/09/2022;;Badan Pusat Statistik;7;ind1_ginirasio
1100;2021;09;202109;0,323;0,381;;;0,313;;12/09/2022;;Badan Pusat Statistik;7;ind1_ginirasio
1200;2021;09;202109;0,313;0,381;;;0,315;;12/09/2022;;Badan Pusat Statistik;7;ind1_ginirasio
1300;2021;09;202109;0,3;0,381;;;0,304;;12/09/2022;;Badan Pusat Statistik;7;ind1_ginirasio
1400;2021;09;202109;0,327;0,381;;;0,28;;12/09/2022;;Badan Pusat Statistik;7;ind1_ginirasio
1500;2021;09;202109;0,315;0,381;;;0,3069 ;;12/09/2022;;Badan Pusat Statistik;7;ind1_ginirasio
1600;2021;09;202109;0,34;0,381;;;0,353;;12/09/2022;;Badan Pusat Statistik;7;ind1_ginirasio
1700;2021;09;202109;0,321;0,381;;;0,34;;12/09/2022;;Badan Pusat Statistik;7;ind1_ginirasio
1800;2021;09;202109;0,314;0,381;;;0,33;;12/09/2022;;Badan Pusat Statistik;7;ind1_ginirasio
1900;2021;09;202109;0,247;0,381;;;0,258;;12/09/2022;;Badan Pusat Statistik;7;ind1_ginirasio
2100;2021;09;202109;0,339;0,381;;;0,350 ;;12/09/2022;;Badan Pusat Statistik;7;ind1_ginirasio
3100;2021;09;202109;0,411;0,381;;;0,401;;12/09/2022;;Badan Pusat Statistik;7;ind1_ginirasio
3200;2021;09;202109;0,406;0,381;;;0,402;;12/09/2022;;Badan Pusat Statistik;7;ind1_ginirasio
3300;2021;09;202109;0,368;0,381;;;0,365;;12/09/2022;;Badan Pusat Statistik;7;ind1_ginirasio
3400;2021;09;202109;0,436;0,381;;;0,3705 ;;12/09/2022;;Badan Pusat Statistik;7;ind1_ginirasio
3500;2021;09;202109;0,364;0,381;;;0,3912 ;;12/09/2022;;Badan Pusat Statistik;7;ind1_ginirasio
3600;2021;09;202109;0,363;0,381;;;0,363;;12/09/2022;;Badan Pusat Statistik;7;ind1_ginirasio
5100;2021;09;202109;0,375;0,381;;;0,3081 ;;12/09/2022;;Badan Pusat Statistik;7;ind1_ginirasio
5200;2021;09;202109;0,384;0,381;;;0,365;;12/09/2022;;Badan Pusat Statistik;7;ind1_ginirasio
5300;2021;09;202109;0,339;0,381;;;0,34;;12/09/2022;;Badan Pusat Statistik;7;ind1_ginirasio
6100;2021;09;202109;0,315;0,381;;;0,3;;12/09/2022;;Badan Pusat Statistik;7;ind1_ginirasio
6200;2021;09;202109;0,32;0,381;;;0,33;;12/09/2022;;Badan Pusat Statistik;7;ind1_ginirasio
6300;2021;09;202109;0,325;0,381;;;0,33;;12/09/2022;;Badan Pusat Statistik;7;ind1_ginirasio
6400;2021;09;202109;0,331;0,381;;;0,328;;12/09/2022;;Badan Pusat Statistik;7;ind1_ginirasio
6500;2021;09;202109;0,285;0,381;;;0,28;;12/09/2022;;Badan Pusat Statistik;7;ind1_ginirasio
7100;2021;09;202109;0,359;0,381;;;0,38;;12/09/2022;;Badan Pusat Statistik;7;ind1_ginirasio
7200;2021;09;202109;0,326;0,381;;;0,334;;12/09/2022;;Badan Pusat Statistik;7;ind1_ginirasio
7300;2021;09;202109;0,377;0,381;;;0,414;;12/09/2022;;Badan Pusat Statistik;7;ind1_ginirasio
7400;2021;09;202109;0,394;0,381;;;0,388;;12/09/2022;;Badan Pusat Statistik;7;ind1_ginirasio
7500;2021;09;202109;0,409;0,381;;;0,415;;12/09/2022;;Badan Pusat Statistik;7;ind1_ginirasio
7600;2021;09;202109;0,366;0,381;;;0,359;;12/09/2022;;Badan Pusat Statistik;7;ind1_ginirasio
8100;2021;09;202109;0,316;0,381;;;0,323;;12/09/2022;;Badan Pusat Statistik;7;ind1_ginirasio
8200;2021;09;202109;0,278;0,381;;;0,307;;12/09/2022;;Badan Pusat Statistik;7;ind1_ginirasio
9100;2021;09;202109;0,374;0,381;;;0,36;;12/09/2022;;Badan Pusat Statistik;7;ind1_ginirasio
9400;2021;09;202109;0,396;0,381;;;0,3893 ;;12/09/2022;;Badan Pusat Statistik;7;ind1_ginirasio
1000;2021;00;202100;71,57;71,57;;;;;12/09/2022;Tahun;Badan Pusat Statistik;8;ind1_ahh
1100;2021;00;202100;69,96;71,57;;;70,2;;12/09/2022;Tahun;Badan Pusat Statistik;8;ind1_ahh
1200;2021;00;202100;69,23;71,57;;;69;;12/09/2022;Tahun;Badan Pusat Statistik;8;ind1_ahh
1300;2021;00;202100;69,59;71,57;;;69,54;;12/09/2022;Tahun;Badan Pusat Statistik;8;ind1_ahh
1400;2021;00;202100;71,67;71,57;;;71,67;;12/09/2022;Tahun;Badan Pusat Statistik;8;ind1_ahh
1500;2021;00;202100;71,22;71,57;;;72;;12/09/2022;Tahun;Badan Pusat Statistik;8;ind1_ahh
1600;2021;00;202100;69,98;71,57;;;69,752;;12/09/2022;Tahun;Badan Pusat Statistik;8;ind1_ahh
1700;2021;00;202100;69,42;71,57;;;70;;12/09/2022;Tahun;Badan Pusat Statistik;8;ind1_ahh
1800;2021;00;202100;70,73;71,57;;;72,19;;12/09/2022;Tahun;Badan Pusat Statistik;8;ind1_ahh
1900;2021;00;202100;70,73;71,57;;;70,7;;12/09/2022;Tahun;Badan Pusat Statistik;8;ind1_ahh
2100;2021;00;202100;70,12;71,57;;;;;12/09/2022;Tahun;Badan Pusat Statistik;8;ind1_ahh
3100;2021;00;202100;73,01;71,57;;;;;12/09/2022;Tahun;Badan Pusat Statistik;8;ind1_ahh
3200;2021;00;202100;73,23;71,57;;;73,06;;12/09/2022;Tahun;Badan Pusat Statistik;8;ind1_ahh
3300;2021;00;202100;74,47;71,57;;;74,33;;12/09/2022;Tahun;Badan Pusat Statistik;8;ind1_ahh
3400;2021;00;202100;75,04;71,57;;;75,41;;12/09/2022;Tahun;Badan Pusat Statistik;8;ind1_ahh
3500;2021;00;202100;71,38;71,57;;;;;12/09/2022;Tahun;Badan Pusat Statistik;8;ind1_ahh
3600;2021;00;202100;70,02;71,57;;;70,66;;12/09/2022;Tahun;Badan Pusat Statistik;8;ind1_ahh
5100;2021;00;202100;72,24;71,57;;;72,3;;12/09/2022;Tahun;Badan Pusat Statistik;8;ind1_ahh
5200;2021;00;202100;66,69;71,57;;;66,43;;12/09/2022;Tahun;Badan Pusat Statistik;8;ind1_ahh
5300;2021;00;202100;67,15;71,57;;;66,97;;12/09/2022;Tahun;Badan Pusat Statistik;8;ind1_ahh
6100;2021;00;202100;70,76;71,57;;;69,9;;12/09/2022;Tahun;Badan Pusat Statistik;8;ind1_ahh
6200;2021;00;202100;69,79;71,57;;;72,75;;12/09/2022;Tahun;Badan Pusat Statistik;8;ind1_ahh
6300;2021;00;202100;68,83;71,57;;;69,64;;12/09/2022;Tahun;Badan Pusat Statistik;8;ind1_ahh
6400;2021;00;202100;74,61;71,57;;;73,76;;12/09/2022;Tahun;Badan Pusat Statistik;8;ind1_ahh
6500;2021;00;202100;72,65;71,57;;;73,8;;12/09/2022;Tahun;Badan Pusat Statistik;8;ind1_ahh
7100;2021;00;202100;71,76;71,57;;;71,05;;12/09/2022;Tahun;Badan Pusat Statistik;8;ind1_ahh
7200;2021;00;202100;68,83;71,57;;;68,5;;12/09/2022;Tahun;Badan Pusat Statistik;8;ind1_ahh
7300;2021;00;202100;70,66;71,57;;;70,54;;12/09/2022;Tahun;Badan Pusat Statistik;8;ind1_ahh
7400;2021;00;202100;71,27;71,57;;;70,88;;12/09/2022;Tahun;Badan Pusat Statistik;8;ind1_ahh
7500;2021;00;202100;68,19;71,57;;;67,92;;12/09/2022;Tahun;Badan Pusat Statistik;8;ind1_ahh
7600;2021;00;202100;65,25;71,57;;;;;12/09/2022;Tahun;Badan Pusat Statistik;8;ind1_ahh
8100;2021;00;202100;66,09;71,57;;;66,14;;12/09/2022;Tahun;Badan Pusat Statistik;8;ind1_ahh
8200;2021;00;202100;68,45;71,57;;;68,58;;12/09/2022;Tahun;Badan Pusat Statistik;8;ind1_ahh
9100;2021;00;202100;66,14;71,57;;;65,8;;12/09/2022;Tahun;Badan Pusat Statistik;8;ind1_ahh
9400;2021;00;202100;65,93;71,57;;;68,07;;12/09/2022;Tahun;Badan Pusat Statistik;8;ind1_ahh
1000;2021;00;202100;8,54;8,54;;;;;12/09/2022;Tahun;Badan Pusat Statistik;9;ind1_rls
1100;2021;00;202100;9,37;8,54;;;12;;12/09/2022;Tahun;Badan Pusat Statistik;9;ind1_rls
1200;2021;00;202100;9,58;8,54;;;10,15;;12/09/2022;Tahun;Badan Pusat Statistik;9;ind1_rls
1300;2021;00;202100;9,07;8,54;;;8,92;;12/09/2022;Tahun;Badan Pusat Statistik;9;ind1_rls
1400;2021;00;202100;9,19;8,54;;;9,04;;12/09/2022;Tahun;Badan Pusat Statistik;9;ind1_rls
1500;2021;00;202100;8,6;8,54;;;12;;12/09/2022;Tahun;Badan Pusat Statistik;9;ind1_rls
1600;2021;00;202100;8,3;8,54;;;8,63;;12/09/2022;Tahun;Badan Pusat Statistik;9;ind1_rls
1700;2021;00;202100;8,87;8,54;;;8,9;;12/09/2022;Tahun;Badan Pusat Statistik;9;ind1_rls
1800;2021;00;202100;8,08;8,54;;;7,9;;12/09/2022;Tahun;Badan Pusat Statistik;9;ind1_rls
1900;2021;00;202100;8,08;8,54;;;8;;12/09/2022;Tahun;Badan Pusat Statistik;9;ind1_rls
2100;2021;00;202100;10,18;8,54;;;10,47;;12/09/2022;Tahun;Badan Pusat Statistik;9;ind1_rls
3100;2021;00;202100;11,17;8,54;;;11,77;;12/09/2022;Tahun;Badan Pusat Statistik;9;ind1_rls
3200;2021;00;202100;8,61;8,54;;;8,58;;12/09/2022;Tahun;Badan Pusat Statistik;9;ind1_rls
3300;2021;00;202100;7,75;8,54;;;7,75;;12/09/2022;Tahun;Badan Pusat Statistik;9;ind1_rls
3400;2021;00;202100;9,64;8,54;;;;;12/09/2022;Tahun;Badan Pusat Statistik;9;ind1_rls
3500;2021;00;202100;7,88;8,54;;;;;12/09/2022;Tahun;Badan Pusat Statistik;9;ind1_rls
3600;2021;00;202100;8,93;8,54;;;9,1;;12/09/2022;Tahun;Badan Pusat Statistik;9;ind1_rls
5100;2021;00;202100;9,06;8,54;;;10,56;;12/09/2022;Tahun;Badan Pusat Statistik;9;ind1_rls
5200;2021;00;202100;7,38;8,54;;;7,01;;12/09/2022;Tahun;Badan Pusat Statistik;9;ind1_rls
5300;2021;00;202100;7,69;8,54;;;8,25;;12/09/2022;Tahun;Badan Pusat Statistik;9;ind1_rls
6100;2021;00;202100;7,45;8,54;;;8,9;;12/09/2022;Tahun;Badan Pusat Statistik;9;ind1_rls
6200;2021;00;202100;8,64;8,54;;;10;;12/09/2022;Tahun;Badan Pusat Statistik;9;ind1_rls
6300;2021;00;202100;8,34;8,54;;;9;;12/09/2022;Tahun;Badan Pusat Statistik;9;ind1_rls
6400;2021;00;202100;9,84;8,54;;;9,6;;12/09/2022;Tahun;Badan Pusat Statistik;9;ind1_rls
6500;2021;00;202100;9,11;8,54;;;9,2;;12/09/2022;Tahun;Badan Pusat Statistik;9;ind1_rls
7100;2021;00;202100;9,62;8,54;;;9,01;;12/09/2022;Tahun;Badan Pusat Statistik;9;ind1_rls
7200;2021;00;202100;8,89;8,54;;;8,75;;12/09/2022;Tahun;Badan Pusat Statistik;9;ind1_rls
7300;2021;00;202100;8,46;8,54;;;8,47;;12/09/2022;Tahun;Badan Pusat Statistik;9;ind1_rls
7400;2021;00;202100;9,13;8,54;;;10,05;;12/09/2022;Tahun;Badan Pusat Statistik;9;ind1_rls
7500;2021;00;202100;7,9;8,54;;;7,7;;12/09/2022;Tahun;Badan Pusat Statistik;9;ind1_rls
7600;2021;00;202100;7,96;8,54;;;;;12/09/2022;Tahun;Badan Pusat Statistik;9;ind1_rls
8100;2021;00;202100;10,03;8,54;;;10,5;;12/09/2022;Tahun;Badan Pusat Statistik;9;ind1_rls
8200;2021;00;202100;9,09;8,54;;;9,86;;12/09/2022;Tahun;Badan Pusat Statistik;9;ind1_rls
9100;2021;00;202100;7,69;8,54;;;15;;12/09/2022;Tahun;Badan Pusat Statistik;9;ind1_rls
9400;2021;00;202100;6,76;8,54;;;7,5;;12/09/2022;Tahun;Badan Pusat Statistik;9;ind1_rls
1000;2021;00;202100;13,08;13,08;;;;;12/09/2022;Tahun;Badan Pusat Statistik;10;ind1_hls
1100;2021;00;202100;14,36;13,08;;;14,73;;12/09/2022;Tahun;Badan Pusat Statistik;10;ind1_hls
1200;2021;00;202100;13,27;13,08;;;13,11;;12/09/2022;Tahun;Badan Pusat Statistik;10;ind1_hls
1300;2021;00;202100;14,09;13,08;;;15,09;;12/09/2022;Tahun;Badan Pusat Statistik;10;ind1_hls
1400;2021;00;202100;13,28;13,08;;;13,74;;12/09/2022;Tahun;Badan Pusat Statistik;10;ind1_hls
1500;2021;00;202100;13,04;13,08;;;;;12/09/2022;Tahun;Badan Pusat Statistik;10;ind1_hls
1600;2021;00;202100;12,54;13,08;;;12,98;;12/09/2022;Tahun;Badan Pusat Statistik;10;ind1_hls
1700;2021;00;202100;13,67;13,08;;;13,5;;12/09/2022;Tahun;Badan Pusat Statistik;10;ind1_hls
1800;2021;00;202100;12,73;13,08;;;12,71;;12/09/2022;Tahun;Badan Pusat Statistik;10;ind1_hls
1900;2021;00;202100;12,17;13,08;;;12,32;;12/09/2022;Tahun;Badan Pusat Statistik;10;ind1_hls
2100;2021;00;202100;12,98;13,08;;;;;12/09/2022;Tahun;Badan Pusat Statistik;10;ind1_hls
3100;2021;00;202100;13,07;13,08;;;;;12/09/2022;Tahun;Badan Pusat Statistik;10;ind1_hls
3200;2021;00;202100;12,61;13,08;;;12,51;;12/09/2022;Tahun;Badan Pusat Statistik;10;ind1_hls
3300;2021;00;202100;12,77;13,08;;;12,82;;12/09/2022;Tahun;Badan Pusat Statistik;10;ind1_hls
3400;2021;00;202100;15,64;13,08;;;15,97;;12/09/2022;Tahun;Badan Pusat Statistik;10;ind1_hls
3500;2021;00;202100;13,36;13,08;;;;;12/09/2022;Tahun;Badan Pusat Statistik;10;ind1_hls
3600;2021;00;202100;13,02;13,08;;;14,5;;12/09/2022;Tahun;Badan Pusat Statistik;10;ind1_hls
5100;2021;00;202100;13,4;13,08;;;13,77;;12/09/2022;Tahun;Badan Pusat Statistik;10;ind1_hls
5200;2021;00;202100;13,9;13,08;;;13,68;;12/09/2022;Tahun;Badan Pusat Statistik;10;ind1_hls
5300;2021;00;202100;13,2;13,08;;;14,2;;12/09/2022;Tahun;Badan Pusat Statistik;10;ind1_hls
6100;2021;00;202100;12,65;13,08;;;13,7;;12/09/2022;Tahun;Badan Pusat Statistik;10;ind1_hls
6200;2021;00;202100;12,74;13,08;;;14,5;;12/09/2022;Tahun;Badan Pusat Statistik;10;ind1_hls
6300;2021;00;202100;12,81;13,08;;;13,7;;12/09/2022;Tahun;Badan Pusat Statistik;10;ind1_hls
6400;2021;00;202100;13,81;13,08;;;14,34;;12/09/2022;Tahun;Badan Pusat Statistik;10;ind1_hls
6500;2021;00;202100;12,94;13,08;;;13,09;;12/09/2022;Tahun;Badan Pusat Statistik;10;ind1_hls
7100;2021;00;202100;12,94;13,08;;;;;12/09/2022;Tahun;Badan Pusat Statistik;10;ind1_hls
7200;2021;00;202100;13,23;13,08;;;13;;12/09/2022;Tahun;Badan Pusat Statistik;10;ind1_hls
7300;2021;00;202100;13,52;13,08;;;13,72;;12/09/2022;Tahun;Badan Pusat Statistik;10;ind1_hls
7400;2021;00;202100;13,68;13,08;;;13,5;;12/09/2022;Tahun;Badan Pusat Statistik;10;ind1_hls
7500;2021;00;202100;13,11;13,08;;;;;12/09/2022;Tahun;Badan Pusat Statistik;10;ind1_hls
7600;2021;00;202100;12,86;13,08;;;;;12/09/2022;Tahun;Badan Pusat Statistik;10;ind1_hls
8100;2021;00;202100;13,97;13,08;;;14,05;;12/09/2022;Tahun;Badan Pusat Statistik;10;ind1_hls
8200;2021;00;202100;13,68;13,08;;;14,31;;12/09/2022;Tahun;Badan Pusat Statistik;10;ind1_hls
9100;2021;00;202100;13,13;13,08;;;18;;12/09/2022;Tahun;Badan Pusat Statistik;10;ind1_hls
9400;2021;00;202100;11,11;13,08;;;11,5;;12/09/2022;Tahun;Badan Pusat Statistik;10;ind1_hls
1000;2021;00;202100;11156000;11156000;;;;;12/09/2022;Rp;Badan Pusat Statistik;11;ind1_pengeluarankapita
1100;2021;00;202100;9572000;11156000;;;;;12/09/2022;Rp;Badan Pusat Statistik;11;ind1_pengeluarankapita
1200;2021;00;202100;10499000;11156000;;;;;12/09/2022;Rp;Badan Pusat Statistik;11;ind1_pengeluarankapita
1300;2021;00;202100;10790000;11156000;;;10576000;;12/09/2022;Rp;Badan Pusat Statistik;11;ind1_pengeluarankapita
1400;2021;00;202100;10736000;11156000;;;11255000;;12/09/2022;Rp;Badan Pusat Statistik;11;ind1_pengeluarankapita
1500;2021;00;202100;10588000;11156000;;;;;12/09/2022;Rp;Badan Pusat Statistik;11;ind1_pengeluarankapita
1600;2021;00;202100;10662000;11156000;;;11831000;;12/09/2022;Rp;Badan Pusat Statistik;11;ind1_pengeluarankapita
1700;2021;00;202100;10487000;11156000;;;10400000;;12/09/2022;Rp;Badan Pusat Statistik;11;ind1_pengeluarankapita
1800;2021;00;202100;10038000;11156000;;;;;12/09/2022;Rp;Badan Pusat Statistik;11;ind1_pengeluarankapita
1900;2021;00;202100;12819000;11156000;;;13100000;;12/09/2022;Rp;Badan Pusat Statistik;11;ind1_pengeluarankapita
2100;2021;00;202100;14122000;11156000;;;;;12/09/2022;Rp;Badan Pusat Statistik;11;ind1_pengeluarankapita
3100;2021;00;202100;18520000;11156000;;;18527000;;12/09/2022;Rp;Badan Pusat Statistik;11;ind1_pengeluarankapita
3200;2021;00;202100;10934000;11156000;;;10386000;;12/09/2022;Rp;Badan Pusat Statistik;11;ind1_pengeluarankapita
3300;2021;00;202100;11034000;11156000;;;;;12/09/2022;Rp;Badan Pusat Statistik;11;ind1_pengeluarankapita
3400;2021;00;202100;14111000;11156000;;;14333000;;12/09/2022;Rp;Badan Pusat Statistik;11;ind1_pengeluarankapita
3500;2021;00;202100;11707000;11156000;;;;;12/09/2022;Rp;Badan Pusat Statistik;11;ind1_pengeluarankapita
3600;2021;00;202100;12033000;11156000;;;;;12/09/2022;Rp;Badan Pusat Statistik;11;ind1_pengeluarankapita
5100;2021;00;202100;13820000;11156000;;;;;12/09/2022;Rp;Badan Pusat Statistik;11;ind1_pengeluarankapita
5200;2021;00;202100;10377000;11156000;;;10036000;;12/09/2022;Rp;Badan Pusat Statistik;11;ind1_pengeluarankapita
5300;2021;00;202100;7554000;11156000;;;;;12/09/2022;Rp;Badan Pusat Statistik;11;ind1_pengeluarankapita
6100;2021;00;202100;8974000;11156000;;;;;12/09/2022;Rp;Badan Pusat Statistik;11;ind1_pengeluarankapita
6200;2021;00;202100;11182000;11156000;;;;;12/09/2022;Rp;Badan Pusat Statistik;11;ind1_pengeluarankapita
6300;2021;00;202100;12143000;11156000;;;;;12/09/2022;Rp;Badan Pusat Statistik;11;ind1_pengeluarankapita
6400;2021;00;202100;12116000;11156000;;;;;12/09/2022;Rp;Badan Pusat Statistik;11;ind1_pengeluarankapita
6500;2021;00;202100;9075000;11156000;;;;;12/09/2022;Rp;Badan Pusat Statistik;11;ind1_pengeluarankapita
7100;2021;00;202100;10882000;11156000;;;;;12/09/2022;Rp;Badan Pusat Statistik;11;ind1_pengeluarankapita
7200;2021;00;202100;9378000;11156000;;;9600000;;12/09/2022;Rp;Badan Pusat Statistik;11;ind1_pengeluarankapita
7300;2021;00;202100;11184000;11156000;;;10992000;;12/09/2022;Rp;Badan Pusat Statistik;11;ind1_pengeluarankapita
7400;2021;00;202100;9381000;11156000;;;;;12/09/2022;Rp;Badan Pusat Statistik;11;ind1_pengeluarankapita
7500;2021;00;202100;10157000;11156000;;;;;12/09/2022;Rp;Badan Pusat Statistik;11;ind1_pengeluarankapita
7600;2021;00;202100;9153000;11156000;;;;;12/09/2022;Rp;Badan Pusat Statistik;11;ind1_pengeluarankapita
8100;2021;00;202100;8770000;11156000;;;;;12/09/2022;Rp;Badan Pusat Statistik;11;ind1_pengeluarankapita
8200;2021;00;202100;8140000;11156000;;;8976410;;12/09/2022;Rp;Badan Pusat Statistik;11;ind1_pengeluarankapita
9100;2021;00;202100;7929000;11156000;;;;;12/09/2022;Rp;Badan Pusat Statistik;11;ind1_pengeluarankapita
9400;2021;00;202100;6955000;11156000;;;7393100;;12/09/2022;Rp;Badan Pusat Statistik;11;ind1_pengeluarankapita
1000;2021;03;202103;27542770;27542770;;;;;12/09/2022;Orang;Badan Pusat Statistik;40;ind1_jumlahmiskin
1100;2021;03;202103;834240;27542770;;;;;12/09/2022;Orang;Badan Pusat Statistik;40;ind1_jumlahmiskin
1200;2021;03;202103;1343860;27542770;;;1315000;;12/09/2022;Orang;Badan Pusat Statistik;40;ind1_jumlahmiskin
1300;2021;03;202103;370670;27542770;;;;;12/09/2022;Orang;Badan Pusat Statistik;40;ind1_jumlahmiskin
1400;2021;03;202103;500810;27542770;;;476000;;12/09/2022;Orang;Badan Pusat Statistik;40;ind1_jumlahmiskin
1500;2021;03;202103;293860;27542770;;;;;12/09/2022;Orang;Badan Pusat Statistik;40;ind1_jumlahmiskin
1600;2021;03;202103;1113760;27542770;;;;;12/09/2022;Orang;Badan Pusat Statistik;40;ind1_jumlahmiskin
1700;2021;03;202103;306000;27542770;;;291999;;12/09/2022;Orang;Badan Pusat Statistik;40;ind1_jumlahmiskin
1800;2021;03;202103;1083930;27542770;;;;;12/09/2022;Orang;Badan Pusat Statistik;40;ind1_jumlahmiskin
1900;2021;03;202103;72710;27542770;;;75635;;12/09/2022;Orang;Badan Pusat Statistik;40;ind1_jumlahmiskin
2100;2021;03;202103;144460;27542770;;;;;12/09/2022;Orang;Badan Pusat Statistik;40;ind1_jumlahmiskin
3100;2021;03;202103;501920;27542770;;;;;12/09/2022;Orang;Badan Pusat Statistik;40;ind1_jumlahmiskin
3200;2021;03;202103;4195340;27542770;;;3920000;;12/09/2022;Orang;Badan Pusat Statistik;40;ind1_jumlahmiskin
3300;2021;03;202103;4109750;27542770;;;;;12/09/2022;Orang;Badan Pusat Statistik;40;ind1_jumlahmiskin
3400;2021;03;202103;506450;27542770;;;309021;;12/09/2022;Orang;Badan Pusat Statistik;40;ind1_jumlahmiskin
3500;2021;03;202103;4572730;27542770;;;;;12/09/2022;Orang;Badan Pusat Statistik;40;ind1_jumlahmiskin
3600;2021;03;202103;867230;27542770;;;600000;;12/09/2022;Orang;Badan Pusat Statistik;40;ind1_jumlahmiskin
5100;2021;03;202103;201970;27542770;;;120000;;12/09/2022;Orang;Badan Pusat Statistik;40;ind1_jumlahmiskin
5200;2021;03;202103;746660;27542770;;;;;12/09/2022;Orang;Badan Pusat Statistik;40;ind1_jumlahmiskin
5300;2021;03;202103;1169310;27542770;;;;;12/09/2022;Orang;Badan Pusat Statistik;40;ind1_jumlahmiskin
6100;2021;03;202103;367890;27542770;;;;;12/09/2022;Orang;Badan Pusat Statistik;40;ind1_jumlahmiskin
6200;2021;03;202103;140040;27542770;;;;;12/09/2022;Orang;Badan Pusat Statistik;40;ind1_jumlahmiskin
6300;2021;03;202103;208110;27542770;;;;;12/09/2022;Orang;Badan Pusat Statistik;40;ind1_jumlahmiskin
6400;2021;03;202103;241770;27542770;;;;;12/09/2022;Orang;Badan Pusat Statistik;40;ind1_jumlahmiskin
6500;2021;03;202103;52860;27542770;;;;;12/09/2022;Orang;Badan Pusat Statistik;40;ind1_jumlahmiskin
7100;2021;03;202103;196350;27542770;;;;;12/09/2022;Orang;Badan Pusat Statistik;40;ind1_jumlahmiskin
7200;2021;03;202103;404440;27542770;;;;;12/09/2022;Orang;Badan Pusat Statistik;40;ind1_jumlahmiskin
7300;2021;03;202103;784980;27542770;;;819169;;12/09/2022;Orang;Badan Pusat Statistik;40;ind1_jumlahmiskin
7400;2021;03;202103;318700;27542770;;;;;12/09/2022;Orang;Badan Pusat Statistik;40;ind1_jumlahmiskin
7500;2021;03;202103;186290;27542770;;;;;12/09/2022;Orang;Badan Pusat Statistik;40;ind1_jumlahmiskin
7600;2021;03;202103;157190;27542770;;;;;12/09/2022;Orang;Badan Pusat Statistik;40;ind1_jumlahmiskin
8100;2021;03;202103;321810;27542770;;;;;12/09/2022;Orang;Badan Pusat Statistik;40;ind1_jumlahmiskin
8200;2021;03;202103;87160;27542770;;;;;12/09/2022;Orang;Badan Pusat Statistik;40;ind1_jumlahmiskin
9100;2021;03;202103;219070;27542770;;;200000;;12/09/2022;Orang;Badan Pusat Statistik;40;ind1_jumlahmiskin
9400;2021;03;202103;920440;27542770;;;;;12/09/2022;Orang;Badan Pusat Statistik;40;ind1_jumlahmiskin
1000;2021;09;202109;26503650;26503650;;;;;12/09/2022;Orang;Badan Pusat Statistik;40;ind1_jumlahmiskin
1100;2021;09;202109;850260;26503650;;;;;12/09/2022;Orang;Badan Pusat Statistik;40;ind1_jumlahmiskin
1200;2021;09;202109;1273070;26503650;;;1315000;;12/09/2022;Orang;Badan Pusat Statistik;40;ind1_jumlahmiskin
1300;2021;09;202109;339930;26503650;;;;;12/09/2022;Orang;Badan Pusat Statistik;40;ind1_jumlahmiskin
1400;2021;09;202109;496660;26503650;;;476000;;12/09/2022;Orang;Badan Pusat Statistik;40;ind1_jumlahmiskin
1500;2021;09;202109;279860;26503650;;;;;12/09/2022;Orang;Badan Pusat Statistik;40;ind1_jumlahmiskin
1600;2021;09;202109;1116610;26503650;;;;;12/09/2022;Orang;Badan Pusat Statistik;40;ind1_jumlahmiskin
1700;2021;09;202109;291790;26503650;;;291999;;12/09/2022;Orang;Badan Pusat Statistik;40;ind1_jumlahmiskin
1800;2021;09;202109;1007020;26503650;;;;;12/09/2022;Orang;Badan Pusat Statistik;40;ind1_jumlahmiskin
1900;2021;09;202109;69700;26503650;;;75635;;12/09/2022;Orang;Badan Pusat Statistik;40;ind1_jumlahmiskin
2100;2021;09;202109;137750;26503650;;;;;12/09/2022;Orang;Badan Pusat Statistik;40;ind1_jumlahmiskin
3100;2021;09;202109;498290;26503650;;;;;12/09/2022;Orang;Badan Pusat Statistik;40;ind1_jumlahmiskin
3200;2021;09;202109;4004860;26503650;;;3920000;;12/09/2022;Orang;Badan Pusat Statistik;40;ind1_jumlahmiskin
3300;2021;09;202109;3934010;26503650;;;;;12/09/2022;Orang;Badan Pusat Statistik;40;ind1_jumlahmiskin
3400;2021;09;202109;474490;26503650;;;309021;;12/09/2022;Orang;Badan Pusat Statistik;40;ind1_jumlahmiskin
3500;2021;09;202109;4259600;26503650;;;;;12/09/2022;Orang;Badan Pusat Statistik;40;ind1_jumlahmiskin
3600;2021;09;202109;852280;26503650;;;600000;;12/09/2022;Orang;Badan Pusat Statistik;40;ind1_jumlahmiskin
5100;2021;09;202109;211460;26503650;;;120000;;12/09/2022;Orang;Badan Pusat Statistik;40;ind1_jumlahmiskin
5200;2021;09;202109;735300;26503650;;;;;12/09/2022;Orang;Badan Pusat Statistik;40;ind1_jumlahmiskin
5300;2021;09;202109;1146280;26503650;;;;;12/09/2022;Orang;Badan Pusat Statistik;40;ind1_jumlahmiskin
6100;2021;09;202109;354000;26503650;;;;;12/09/2022;Orang;Badan Pusat Statistik;40;ind1_jumlahmiskin
6200;2021;09;202109;141030;26503650;;;;;12/09/2022;Orang;Badan Pusat Statistik;40;ind1_jumlahmiskin
6300;2021;09;202109;197760;26503650;;;;;12/09/2022;Orang;Badan Pusat Statistik;40;ind1_jumlahmiskin
6400;2021;09;202109;233130;26503650;;;;;12/09/2022;Orang;Badan Pusat Statistik;40;ind1_jumlahmiskin
6500;2021;09;202109;49490;26503650;;;;;12/09/2022;Orang;Badan Pusat Statistik;40;ind1_jumlahmiskin
7100;2021;09;202109;186550;26503650;;;;;12/09/2022;Orang;Badan Pusat Statistik;40;ind1_jumlahmiskin
7200;2021;09;202109;381210;26503650;;;;;12/09/2022;Orang;Badan Pusat Statistik;40;ind1_jumlahmiskin
7300;2021;09;202109;765460;26503650;;;819169;;12/09/2022;Orang;Badan Pusat Statistik;40;ind1_jumlahmiskin
7400;2021;09;202109;323260;26503650;;;;;12/09/2022;Orang;Badan Pusat Statistik;40;ind1_jumlahmiskin
7500;2021;09;202109;184600;26503650;;;;;12/09/2022;Orang;Badan Pusat Statistik;40;ind1_jumlahmiskin
7600;2021;09;202109;165990;26503650;;;;;12/09/2022;Orang;Badan Pusat Statistik;40;ind1_jumlahmiskin
8100;2021;09;202109;294970;26503650;;;;;12/09/2022;Orang;Badan Pusat Statistik;40;ind1_jumlahmiskin
8200;2021;09;202109;81180;26503650;;;;;12/09/2022;Orang;Badan Pusat Statistik;40;ind1_jumlahmiskin
9100;2021;09;202109;221290;26503650;;;200000;;12/09/2022;Orang;Badan Pusat Statistik;40;ind1_jumlahmiskin
9400;2021;09;202109;944490;26503650;;;;;12/09/2022;Orang;Badan Pusat Statistik;40;ind1_jumlahmiskin
